<?xml version="1.0" encoding="UTF-8"?>
<DEFECTS>
  <DEFECT>
    <SFA>
      <FILEPATH>C:\Users\5dd5\source\repos\VcomProvider\VcomProviderV2\</FILEPATH>
      <FILENAME>driver.c</FILENAME>
      <LINE>5</LINE>
      <COLUMN>9</COLUMN>
    </SFA>
    <DEFECTCODE>28101</DEFECTCODE>
    <DESCRIPTION>This function appears to be an unannotated DriverEntry function:  DriverEntry functions should be declared using the DRIVER_INITIALIZE function typedef.</DESCRIPTION>
    <FUNCTION>DriverEntry</FUNCTION>
    <DECORATED>DriverEntry</DECORATED>
    <FUNCLINE>5</FUNCLINE>
    <PATH></PATH>
  </DEFECT>
</DEFECTS>