<?xml version="1.0" encoding="UTF-8"?>
<DEFECTS>
  <DEFECT>
    <SFA>
      <FILEPATH>C:\Users\5dd5\source\repos\VcomProvider\VcomProviderV2\</FILEPATH>
      <FILENAME>ringbuffer.c</FILENAME>
      <LINE>26</LINE>
      <COLUMN>0</COLUMN>
    </SFA>
    <DEFECTCODE>28252</DEFECTCODE>
    <DESCRIPTION>Inconsistent annotation for 'RingBufferInitialize': _Param_(2) has 'SAL_when(__formal(2,parameter2)&gt;0) SAL_null(__no)' on the prior instance. See c:\users\5dd5\source\repos\vcomprovider\vcomproviderv2\ringbuffer.h(42). </DESCRIPTION>
    <FUNCTION>RingBufferInitialize</FUNCTION>
    <DECORATED>RingBufferInitialize</DECORATED>
    <FUNCLINE>26</FUNCLINE>
    <PATH></PATH>
  </DEFECT>
  <DEFECT>
    <SFA>
      <FILEPATH>C:\Users\5dd5\source\repos\VcomProvider\VcomProviderV2\</FILEPATH>
      <FILENAME>ringbuffer.c</FILENAME>
      <LINE>139</LINE>
      <COLUMN>0</COLUMN>
    </SFA>
    <DEFECTCODE>28252</DEFECTCODE>
    <DESCRIPTION>Inconsistent annotation for 'RingBufferRead': _Param_(2) has 'SAL_when(__formal(2,parameter2)&gt;0) SAL_null(__no)' on the prior instance. See c:\users\5dd5\source\repos\vcomprovider\vcomproviderv2\ringbuffer.h(64). </DESCRIPTION>
    <FUNCTION>RingBufferRead</FUNCTION>
    <DECORATED>RingBufferRead</DECORATED>
    <FUNCLINE>139</FUNCLINE>
    <PATH></PATH>
  </DEFECT>
</DEFECTS>